Neighbourhood,Neighbourhood Latitude,Neighbourhood Longitude,Venue,Venue Latitude,Venue Longitude,Venue Category
The Beaches,43.67635739999999,-79.2930312,Glen Manor Ravine,43.67682094413784,-79.29394208780985,Trail
The Beaches,43.67635739999999,-79.2930312,Glen Stewart Park,43.67527822698259,-79.2946465494184,Park
The Beaches,43.67635739999999,-79.2930312,Glen Stewart Ravine,43.67629984029563,-79.2947841389563,Other Great Outdoors
"The Danforth West, Riverdale",43.6795571,-79.352188,Pantheon,43.67762124481265,-79.35143390043564,Greek Restaurant
"The Danforth West, Riverdale",43.6795571,-79.352188,Dolce Gelato,43.677772998450614,-79.35118737317053,Ice Cream Shop
"The Danforth West, Riverdale",43.6795571,-79.352188,MenEssentials,43.677820068604575,-79.35126543045044,Cosmetics Shop
"The Danforth West, Riverdale",43.6795571,-79.352188,La Diperie,43.67753,-79.352295,Ice Cream Shop
"The Danforth West, Riverdale",43.6795571,-79.352188,Messini Authentic Gyros,43.677827494513096,-79.35056873157725,Greek Restaurant
"The Danforth West, Riverdale",43.6795571,-79.352188,Moksha Yoga Danforth,43.67762174479883,-79.3521159367257,Yoga Studio
"The Danforth West, Riverdale",43.6795571,-79.352188,Louis Cifer Brew Works,43.677662745359996,-79.3513125762371,Brewery
"The Danforth West, Riverdale",43.6795571,-79.352188,Mezes,43.6779622615441,-79.35019606997218,Greek Restaurant
"The Danforth West, Riverdale",43.6795571,-79.352188,Caffé Demetre,43.67768266377745,-79.35160842812537,Dessert Shop
"The Danforth West, Riverdale",43.6795571,-79.352188,Valley Farm Produce,43.677999294687275,-79.3499690927287,Fruit & Vegetable Store
"The Danforth West, Riverdale",43.6795571,-79.352188,Tsaa Tea Shop,43.67776898684133,-79.35130446081268,Bubble Tea Shop
"The Danforth West, Riverdale",43.6795571,-79.352188,The Big Carrot Organic Juice Bar,43.677438,-79.352683,Juice Bar
"The Danforth West, Riverdale",43.6795571,-79.352188,Astoria Shish Kebob House,43.67768890877185,-79.35189216872803,Greek Restaurant
"The Danforth West, Riverdale",43.6795571,-79.352188,Detroit Eatery,43.67759437002395,-79.35176144372598,Diner
"The Danforth West, Riverdale",43.6795571,-79.352188,Kalyvia,43.67778842418106,-79.35112697032189,Greek Restaurant
"The Beaches West, India Bazaar",43.6689985,-79.31557159999998,British Style Fish & Chips,43.66872336908457,-79.31713935234417,Fish & Chips Shop
"The Beaches West, India Bazaar",43.6689985,-79.31557159999998,Pet Valu,43.66697917950893,-79.31466465565389,Pet Store
"The Beaches West, India Bazaar",43.6689985,-79.31557159999998,Orchard Park,43.668858311782124,-79.31416022446447,Park
Studio District,43.6595255,-79.340923,Ed's Real Scoop,43.660655832455014,-79.3420187548006,Ice Cream Shop
Studio District,43.6595255,-79.340923,Leslieville Pumps,43.66089221309069,-79.34062599380812,Sandwich Place
Studio District,43.6595255,-79.340923,Queen Books,43.6606506251737,-79.34226723956905,Bookstore
Studio District,43.6595255,-79.340923,Hooked,43.66040731524296,-79.34325721641623,Fish Market
Studio District,43.6595255,-79.340923,Purple Penguin Cafe,43.660501150739734,-79.34256490845178,Café
Studio District,43.6595255,-79.340923,Leslieville Cheese Market,43.66054639296253,-79.3423024562941,Cheese Shop
Studio District,43.6595255,-79.340923,Mean Bao,43.66141729879085,-79.34020909620433,Chinese Restaurant
Studio District,43.6595255,-79.340923,Mercury Espresso Bar,43.66080615235188,-79.34124064841119,Coffee Shop
Studio District,43.6595255,-79.340923,Brick Street Breads,43.66068453213004,-79.3425013474948,Bakery
Studio District,43.6595255,-79.340923,eastside social,43.661288901982886,-79.33915476536174,Comfort Food Restaurant
Studio District,43.6595255,-79.340923,Starbucks,43.66064023149168,-79.34246131061278,Coffee Shop
Studio District,43.6595255,-79.340923,EAT BKK Thai Kitchen,43.66045,-79.343113,Thai Restaurant
Studio District,43.6595255,-79.340923,Reliable Halibut and Chips,43.660874,-79.340938,Seafood Restaurant
Studio District,43.6595255,-79.340923,Baldini,43.661299966369135,-79.33902686943661,Italian Restaurant
Studio District,43.6595255,-79.340923,braised,43.660451867292366,-79.34334606916272,American Restaurant
Studio District,43.6595255,-79.340923,Lil' Baci,43.6605116572649,-79.34315072724176,Italian Restaurant
Studio District,43.6595255,-79.340923,The Thirsty Duck,43.66113846977925,-79.34010994796954,Gastropub
Studio District,43.6595255,-79.340923,Delica Kitchen,43.66080581509536,-79.34150197940215,Café
Studio District,43.6595255,-79.340923,The Roy Public House,43.660451849464096,-79.34299382973943,Bar
Studio District,43.6595255,-79.340923,Barrio Cerveceria,43.66043013260822,-79.34350897486634,Latin American Restaurant
Studio District,43.6595255,-79.340923,TD Canada Trust,43.660659451666845,-79.34277481866047,Bank
Studio District,43.6595255,-79.340923,7-Eleven,43.660897,-79.340159,Convenience Store
Studio District,43.6595255,-79.340923,Good Neighbour,43.6610004575794,-79.34029809683763,Clothing Store
Studio District,43.6595255,-79.340923,Gale's Snack Bar,43.658239,-79.339077,Diner
Studio District,43.6595255,-79.340923,WAYLABAR,43.661234129782564,-79.33959722763221,Gay Bar
Lawrence Park,43.7280205,-79.3887901,Lake,43.72790992681161,-79.38685748822415,Lake
Lawrence Park,43.7280205,-79.3887901,Booty Camp Fitness,43.72805079985635,-79.38785264444358,Gym / Fitness Center
Davisville North,43.7127511,-79.3901975,Homeway Restaurant & Brunch,43.71264120397444,-79.39155655199944,Breakfast Spot
Davisville North,43.7127511,-79.3901975,Circle K,43.7128345,-79.3915539,Grocery Store
Davisville North,43.7127511,-79.3901975,The Backyard Garden Patio,43.712366,-79.387157,Scenic Lookout
North Toronto West,43.7153834,-79.40567840000001,Issimi sushi,43.716699853536845,-79.40506000588584,Sushi Restaurant
Davisville,43.7043244,-79.3887901,Jules Cafe Patisserie,43.70413799694304,-79.38841260442167,Dessert Shop
Davisville,43.7043244,-79.3887901,Thobors Boulangerie Patisserie Café,43.704513877453266,-79.38861602551758,Café
Davisville,43.7043244,-79.3887901,XO Gelato,43.70517671239303,-79.3887930388649,Dessert Shop
Davisville,43.7043244,-79.3887901,Marigold Indian Bistro,43.702880859375,-79.38800811767578,Indian Restaurant
Davisville,43.7043244,-79.3887901,Viva Napoli,43.70575225315343,-79.38912464296774,Pizza Place
Davisville,43.7043244,-79.3887901,Zee Grill,43.70498511291793,-79.38847622354874,Seafood Restaurant
Davisville,43.7043244,-79.3887901,Starbucks,43.70608372289573,-79.38935494537283,Coffee Shop
Davisville,43.7043244,-79.3887901,Florentia Ristorante,43.703594,-79.3879846,Italian Restaurant
Davisville,43.7043244,-79.3887901,Sakae Sushi,43.70494407149989,-79.38870408604551,Sushi Restaurant
Davisville,43.7043244,-79.3887901,Positano,43.704558,-79.38863854,Italian Restaurant
Davisville,43.7043244,-79.3887901,Mastermind Toys,43.704839243420075,-79.38854629838522,Toy / Game Store
Davisville,43.7043244,-79.3887901,Second Cup,43.704344001380505,-79.38865888961692,Coffee Shop
Davisville,43.7043244,-79.3887901,Meow Cat Cafe,43.702927,-79.38819,Café
Davisville,43.7043244,-79.3887901,Pizza Pizza,43.70613821755869,-79.38929246805056,Pizza Place
Davisville,43.7043244,-79.3887901,Candy's Costume Shop,43.70591826811818,-79.38899874687195,Costume Shop
Davisville,43.7043244,-79.3887901,Hillside Cafe & Bakery,43.703733,-79.388242,Café
"Moore Park, Summerhill East",43.6895743,-79.38315990000002,Loring-Wyle Parkette,43.690270427217385,-79.3834375880377,Park
"Moore Park, Summerhill East",43.6895743,-79.38315990000002,Adam & Kelly's Mobile Auto,43.690754,-79.383398,Moving Target
"Moore Park, Summerhill East",43.6895743,-79.38315990000002,Handyman Painters,43.691288987503484,-79.38409566879272,Home Service
"Moore Park, Summerhill East",43.6895743,-79.38315990000002,Moose Basements,43.6910252243469,-79.38484668731688,Construction & Landscaping
"Deer Park, Forest Hill SE, Rathnelly, South Hill, Summerhill West",43.68641229999999,-79.4000493,LCBO,43.686990631074885,-79.39923810519545,Liquor Store
"Deer Park, Forest Hill SE, Rathnelly, South Hill, Summerhill West",43.68641229999999,-79.4000493,The Market By Longo’s,43.686711,-79.399536,Supermarket
"Deer Park, Forest Hill SE, Rathnelly, South Hill, Summerhill West",43.68641229999999,-79.4000493,Starbucks,43.687100712578356,-79.39861193331016,Coffee Shop
"Deer Park, Forest Hill SE, Rathnelly, South Hill, Summerhill West",43.68641229999999,-79.4000493,Imperial Plaza Rooftop,43.686747,-79.399083,Roof Deck
Rosedale,43.6795626,-79.37752940000001,Mooredale House,43.678630645646535,-79.38009142511322,Building
"Cabbagetown, St. James Town",43.667967,-79.3676753,Cranberries,43.6678427705951,-79.36940687874281,Diner
"Cabbagetown, St. James Town",43.667967,-79.3676753,F'Amelia,43.66753590663226,-79.36861331485827,Italian Restaurant
"Cabbagetown, St. James Town",43.667967,-79.3676753,Butter Chicken Factory,43.66707247004843,-79.36918422958169,Indian Restaurant
"Cabbagetown, St. James Town",43.667967,-79.3676753,Kingyo Toronto,43.66589495808371,-79.36841520638596,Japanese Restaurant
"Cabbagetown, St. James Town",43.667967,-79.3676753,Murgatroid,43.66738149016019,-79.36931129229457,Restaurant
"Cabbagetown, St. James Town",43.667967,-79.3676753,Merryberry Cafe + Bistro,43.66663020301851,-79.36879184199822,Café
"Cabbagetown, St. James Town",43.667967,-79.3676753,Cabbagetown Brew,43.66692279890784,-79.36928929560437,Café
"Cabbagetown, St. James Town",43.667967,-79.3676753,Absolute Bakery & Café,43.667469462461995,-79.36927654747196,Bakery
"Cabbagetown, St. James Town",43.667967,-79.3676753,Toronto Dance Theatre,43.66623230619368,-79.36707506629983,General Entertainment
"Cabbagetown, St. James Town",43.667967,-79.3676753,Tim Hortons,43.66716925802294,-79.36884865164751,Coffee Shop
"Cabbagetown, St. James Town",43.667967,-79.3676753,The Beer Store,43.6664079,-79.368833,Beer Store
"Cabbagetown, St. James Town",43.667967,-79.3676753,Pizza Pizza,43.667178738521734,-79.36966873777858,Pizza Place
"Cabbagetown, St. James Town",43.667967,-79.3676753,Tim Hortons,43.665785871990316,-79.36828404664993,Coffee Shop
"Cabbagetown, St. James Town",43.667967,-79.3676753,Alice's Place,43.66695309566915,-79.36925678333014,Dive Bar
"Cabbagetown, St. James Town",43.667967,-79.3676753,Pizza Pizza,43.66809038080825,-79.37027389227195,Pizza Place
"Cabbagetown, St. James Town",43.667967,-79.3676753,Rock Towers,43.668132,-79.369684,Outdoor Sculpture
"Cabbagetown, St. James Town",43.667967,-79.3676753,El Charro,43.667606,-79.36949,Restaurant
"Cabbagetown, St. James Town",43.667967,-79.3676753,Staij & Co Café and Pastry Boutique,43.666862703979966,-79.36922818422318,Café
Church and Wellesley,43.6658599,-79.38315990000002,Storm Crow Manor,43.66683985695023,-79.38159278029707,Theme Restaurant
Church and Wellesley,43.6658599,-79.38315990000002,The Alley,43.66592244798498,-79.38556672752236,Bubble Tea Shop
Church and Wellesley,43.6658599,-79.38315990000002,Smith,43.66692666745884,-79.38142135954267,Breakfast Spot
Church and Wellesley,43.6658599,-79.38315990000002,DanceLifeX Centre,43.66695583448771,-79.3852972984314,Dance Studio
Church and Wellesley,43.6658599,-79.38315990000002,Fabarnak,43.66637677585409,-79.38096396850409,Restaurant
Church and Wellesley,43.6658599,-79.38315990000002,Sansotei Ramen 三草亭,43.666734794517005,-79.3853530009483,Ramen Restaurant
Church and Wellesley,43.6658599,-79.38315990000002,Ho's Team Barber Shop,43.66563031656884,-79.38135926650858,Salon / Barbershop
Church and Wellesley,43.6658599,-79.38315990000002,Como En Casa,43.66516,-79.384796,Mexican Restaurant
Church and Wellesley,43.6658599,-79.38315990000002,Barbara Hall Park,43.66687857011423,-79.38106777601625,Park
Church and Wellesley,43.6658599,-79.38315990000002,Glad Day Bookshop,43.66527119350875,-79.38078512672504,Bookstore
Church and Wellesley,43.6658599,-79.38315990000002,Wickson Social,43.66590450775969,-79.38571974166427,Gastropub
Church and Wellesley,43.6658599,-79.38315990000002,Coach House Restaurant,43.66499059853204,-79.38481415727767,Diner
Church and Wellesley,43.6658599,-79.38315990000002,DAVIDsTEA,43.66492997804687,-79.38063036396566,Tea Room
Church and Wellesley,43.6658599,-79.38315990000002,Riddle Room,43.665881092438454,-79.38493615023397,General Entertainment
Church and Wellesley,43.6658599,-79.38315990000002,Tokyo Grill,43.665085238149395,-79.38470692554789,Japanese Restaurant
Church and Wellesley,43.6658599,-79.38315990000002,Hero Certified Burgers,43.66562403029978,-79.38090430769088,Burger Joint
Church and Wellesley,43.6658599,-79.38315990000002,Ginger,43.665371542785785,-79.38084590182032,Vietnamese Restaurant
Church and Wellesley,43.6658599,-79.38315990000002,Starbucks,43.66500900374431,-79.38056421775902,Coffee Shop
Church and Wellesley,43.6658599,-79.38315990000002,Ethiopian House,43.6665987043968,-79.38566906742606,Ethiopian Restaurant
Church and Wellesley,43.6658599,-79.38315990000002,Baskin Robbins,43.66507308115074,-79.38068437615618,Ice Cream Shop
Church and Wellesley,43.6658599,-79.38315990000002,Dal Moro's Fresh Pasta To Go,43.66664070494267,-79.38540023837237,Italian Restaurant
Church and Wellesley,43.6658599,-79.38315990000002,Si Lom,43.66501007731949,-79.38068288199048,Thai Restaurant
Church and Wellesley,43.6658599,-79.38315990000002,Wine Rack,43.66580230870318,-79.38050712395066,Wine Shop
Church and Wellesley,43.6658599,-79.38315990000002,Openmat Mixed Martial Arts,43.666171607941095,-79.3847667237342,Martial Arts Dojo
Church and Wellesley,43.6658599,-79.38315990000002,Seduction,43.66562020759618,-79.38468138721245,Adult Boutique
"Harbourfront, Regent Park",43.6542599,-79.3606359,Roselle Desserts,43.653446723052674,-79.3620167174383,Bakery
"Harbourfront, Regent Park",43.6542599,-79.3606359,Tandem Coffee,43.65355870959944,-79.36180945913513,Coffee Shop
"Harbourfront, Regent Park",43.6542599,-79.3606359,Body Blitz Spa East,43.65473505045365,-79.35987433132891,Spa
"Harbourfront, Regent Park",43.6542599,-79.3606359,Toronto Cooper Koo Family Cherry St YMCA Centre,43.65319052672638,-79.35794700053884,Gym / Fitness Center
"Harbourfront, Regent Park",43.6542599,-79.3606359,Morning Glory Cafe,43.653946942635294,-79.36114884214422,Breakfast Spot
"Harbourfront, Regent Park",43.6542599,-79.3606359,The Extension Room,43.65331304337331,-79.35972538072777,Gym / Fitness Center
"Harbourfront, Regent Park",43.6542599,-79.3606359,Buster's Sea Cove Truck,43.65364665307943,-79.35787780917855,Food Truck
"Harbourfront, Regent Park",43.6542599,-79.3606359,Enoch Turner Schoolhouse,43.65287311275056,-79.36167245046332,History Museum
"Harbourfront, Regent Park",43.6542599,-79.3606359,King Deli Cafe,43.65390613999999,-79.361147,Sandwich Place
"Ryerson, Garden District",43.6571618,-79.37893709999999,UNIQLO ユニクロ,43.65591027779457,-79.38064099181345,Clothing Store
"Ryerson, Garden District",43.6571618,-79.37893709999999,Burrito Boyz,43.656265264409015,-79.37834318376771,Burrito Place
"Ryerson, Garden District",43.6571618,-79.37893709999999,Blaze Pizza,43.656518,-79.380015,Pizza Place
"Ryerson, Garden District",43.6571618,-79.37893709999999,Silver Snail Comics,43.65703137958407,-79.38140310220501,Comic Shop
"Ryerson, Garden District",43.6571618,-79.37893709999999,Yonge-Dundas Square,43.65605389742188,-79.38049504264389,Plaza
"Ryerson, Garden District",43.6571618,-79.37893709999999,DAVIDsTEA,43.65658619027106,-79.38116704725516,Tea Room
"Ryerson, Garden District",43.6571618,-79.37893709999999,Hokkaido Ramen Santouka らーめん山頭火,43.65643520293576,-79.37758637997793,Ramen Restaurant
"Ryerson, Garden District",43.6571618,-79.37893709999999,The Senator Restaurant,43.65564091455335,-79.37919882575557,Diner
"Ryerson, Garden District",43.6571618,-79.37893709999999,Page One Cafe,43.65777161112601,-79.3760725691681,Café
"Ryerson, Garden District",43.6571618,-79.37893709999999,Five Guys,43.65710635305761,-79.38130606340378,Burger Joint
"Ryerson, Garden District",43.6571618,-79.37893709999999,Tacos 101,43.656636132918166,-79.37696796225362,Taco Place
"Ryerson, Garden District",43.6571618,-79.37893709999999,Ed Mirvish Theatre,43.655101567321054,-79.37976762131545,Theater
"Ryerson, Garden District",43.6571618,-79.37893709999999,The Black Canary Espresso Bar,43.65702925121356,-79.38138512728051,Café
"Ryerson, Garden District",43.6571618,-79.37893709999999,Salad King,43.65760101432665,-79.38161963017174,Thai Restaurant
"Ryerson, Garden District",43.6571618,-79.37893709999999,Cineplex Cinemas Yonge-Dundas,43.65612555948613,-79.38039005666784,Movie Theater
"Ryerson, Garden District",43.6571618,-79.37893709999999,Jazz Bistro,43.65567828473835,-79.37927565514764,Music Venue
"Ryerson, Garden District",43.6571618,-79.37893709999999,Oakham Café,43.658077944767534,-79.37831497990125,Café
"Ryerson, Garden District",43.6571618,-79.37893709999999,Ryerson Image Centre,43.65752337161094,-79.37945958709186,Art Gallery
"Ryerson, Garden District",43.6571618,-79.37893709999999,The 3 Brewers,43.655474284721,-79.38041324445061,Beer Bar
"Ryerson, Garden District",43.6571618,-79.37893709999999,Milestones,43.65630763877396,-79.38082230024877,Fast Food Restaurant
"Ryerson, Garden District",43.6571618,-79.37893709999999,306 Yonge Street - Jordan Store,43.65649471160899,-79.38101531134684,Sporting Goods Shop
"Ryerson, Garden District",43.6571618,-79.37893709999999,Infuse Cafe,43.658068043552504,-79.38172645275614,Coffee Shop
"Ryerson, Garden District",43.6571618,-79.37893709999999,Balzac's Coffee,43.65785440672277,-79.37919981155157,Coffee Shop
"Ryerson, Garden District",43.6571618,-79.37893709999999,Tim Hortons,43.656755,-79.380512,Coffee Shop
"Ryerson, Garden District",43.6571618,-79.37893709999999,Kabul Express,43.65669146835466,-79.37664313658586,Middle Eastern Restaurant
St. James Town,43.6514939,-79.3754179,Gyu-Kaku Japanese BBQ,43.651422275497914,-79.37504693687086,Japanese Restaurant
St. James Town,43.6514939,-79.3754179,Crepe TO,43.650063279511016,-79.37458664523871,Creperie
St. James Town,43.6514939,-79.3754179,Terroni,43.650927,-79.375602,Italian Restaurant
St. James Town,43.6514939,-79.3754179,Pearl Diver,43.651481290733734,-79.37359954211877,Gastropub
St. James Town,43.6514939,-79.3754179,GEORGE Restaurant,43.65334645635036,-79.3744449051126,Restaurant
St. James Town,43.6514939,-79.3754179,Versus Coffee,43.65121343781903,-79.37523564828548,Coffee Shop
St. James Town,43.6514939,-79.3754179,NAMI,43.650853361785124,-79.37588746641697,Japanese Restaurant
St. James Town,43.6514939,-79.3754179,St James Anglican Cathedral,43.650109744784004,-79.37429172248066,Church
St. James Town,43.6514939,-79.3754179,Fahrenheit Coffee,43.65238358726612,-79.37271903848271,Coffee Shop
St. James Town,43.6514939,-79.3754179,Aveda Institute Toronto,43.65009640955562,-79.37362952211767,Cosmetics Shop
St. James Town,43.6514939,-79.3754179,Triple A Bar (AAA),43.65165840099557,-79.3727201723461,BBQ Joint
St. James Town,43.6514939,-79.3754179,Hawthorne Food and Drink,43.652270129568336,-79.37631758327606,Gastropub
St. James Town,43.6514939,-79.3754179,Mystic Muffin,43.652483550499326,-79.37265472845176,Middle Eastern Restaurant
St. James Town,43.6514939,-79.3754179,The Carbon Bar,43.65336708689279,-79.37496515174824,Restaurant
St. James Town,43.6514939,-79.3754179,Cambridge Suites Toronto,43.65183649475983,-79.37810738045548,Hotel
St. James Town,43.6514939,-79.3754179,Sam James Coffee Bar (SJCB),43.65031871629752,-79.37621650642859,Coffee Shop
St. James Town,43.6514939,-79.3754179,Vintage Conservatory,43.6522291429876,-79.37348666333094,Speakeasy
St. James Town,43.6514939,-79.3754179,The Poké Box,43.65046931503178,-79.37631703952829,Poke Place
St. James Town,43.6514939,-79.3754179,Carisma,43.64961671774303,-79.3754337751762,Italian Restaurant
St. James Town,43.6514939,-79.3754179,La Bettola Di Terroni,43.65199330592565,-79.37805579614488,Italian Restaurant
St. James Town,43.6514939,-79.3754179,HI-Toronto Hostel,43.650623213878255,-79.37519039641123,Hostel
St. James Town,43.6514939,-79.3754179,Downtown Camera,43.653107,-79.37512,Camera Store
St. James Town,43.6514939,-79.3754179,Pizzaiolo,43.65020573236071,-79.37618378615609,Pizza Place
St. James Town,43.6514939,-79.3754179,Bob's Bulgogi,43.65190800954796,-79.37752300562582,Korean Restaurant
Berczy Park,43.6447708,-79.3733064,LCBO,43.64294379917171,-79.37243989044406,Liquor Store
Berczy Park,43.6447708,-79.3733064,The Keg Steakhouse + Bar,43.64667637593993,-79.37482154865866,Steakhouse
Berczy Park,43.6447708,-79.3733064,Eggspectation,43.646526,-79.375134,Breakfast Spot
Central Bay Street,43.6579524,-79.3873826,Jimmy's Coffee,43.65842123574496,-79.38561319551111,Coffee Shop
Central Bay Street,43.6579524,-79.3873826,Tim Hortons,43.658569999999976,-79.38512341104502,Coffee Shop
Central Bay Street,43.6579524,-79.3873826,Somethin' 2 Talk About,43.65839479027968,-79.38533765920816,Middle Eastern Restaurant
Central Bay Street,43.6579524,-79.3873826,Panago,43.65825817735338,-79.38431282558368,Pizza Place
Central Bay Street,43.6579524,-79.3873826,Bubble Bath & Spa,43.65904951746615,-79.38534357912432,Spa
Central Bay Street,43.6579524,-79.3873826,Starbucks,43.6595874273128,-79.3852515870617,Coffee Shop
Central Bay Street,43.6579524,-79.3873826,Starbucks,43.65855667717368,-79.39019554279864,Coffee Shop
Central Bay Street,43.6579524,-79.3873826,Tim Hortons,43.6573986,-79.3883129,Coffee Shop
Central Bay Street,43.6579524,-79.3873826,Indigo,43.65773818776676,-79.38966149215145,Bookstore
Central Bay Street,43.6579524,-79.3873826,Starbucks,43.65757168579201,-79.38667021579539,Coffee Shop
Central Bay Street,43.6579524,-79.3873826,Starbucks,43.65602357573824,-79.38877766280795,Coffee Shop
Central Bay Street,43.6579524,-79.3873826,Booster Juice,43.65865699,-79.38868207,Smoothie Shop
Central Bay Street,43.6579524,-79.3873826,Shoppers Drug Mart,43.6572159889221,-79.38842260927258,Pharmacy
Central Bay Street,43.6579524,-79.3873826,Subway,43.65746095911212,-79.38647880368448,Sandwich Place
Central Bay Street,43.6579524,-79.3873826,Subway,43.65946709895447,-79.38824850471555,Sandwich Place
Central Bay Street,43.6579524,-79.3873826,Second Cup,43.65763711605256,-79.3895120341753,Café
Central Bay Street,43.6579524,-79.3873826,Aroma Espresso Bar,43.658927676749364,-79.38990298985978,Café
Central Bay Street,43.6579524,-79.3873826,Pizzeria Via Mercanti,43.65679034740686,-79.38631071713952,Italian Restaurant
Central Bay Street,43.6579524,-79.3873826,Tim Hortons,43.657396754910025,-79.39000236526671,Coffee Shop
Central Bay Street,43.6579524,-79.3873826,Thai Express,43.655835,-79.38813,Thai Restaurant
Central Bay Street,43.6579524,-79.3873826,Tim Hortons,43.658599,-79.388498,Coffee Shop
Central Bay Street,43.6579524,-79.3873826,Tim Hortons,43.659695,-79.388706,Coffee Shop
Central Bay Street,43.6579524,-79.3873826,Druxy's,43.65574396896198,-79.38697354092464,Deli / Bodega
"Adelaide, King, Richmond",43.65057120000001,-79.3845675,Four Seasons Centre for the Performing Arts,43.650592,-79.385806,Concert Hall
"Adelaide, King, Richmond",43.65057120000001,-79.3845675,The Keg Steakhouse & Bar,43.649937252985254,-79.38419604942506,Steakhouse
"Adelaide, King, Richmond",43.65057120000001,-79.3845675,Rosalinda,43.650252483069295,-79.38515575620075,Vegetarian / Vegan Restaurant
"Adelaide, King, Richmond",43.65057120000001,-79.3845675,Nathan Phillips Square,43.65227047322295,-79.38351631164551,Plaza
"Adelaide, King, Richmond",43.65057120000001,-79.3845675,Shangri-La Toronto,43.64912919417502,-79.3865566853963,Hotel
"Adelaide, King, Richmond",43.65057120000001,-79.3845675,Estiatorio Volos,43.65032912559998,-79.38453301297716,Greek Restaurant
"Adelaide, King, Richmond",43.65057120000001,-79.3845675,Assembly Chef's Hall,43.650578865093934,-79.3834119303614,Food Court
"Adelaide, King, Richmond",43.65057120000001,-79.3845675,Bosk at Shangri-La,43.649022736761516,-79.38582635521233,Asian Restaurant
"Adelaide, King, Richmond",43.65057120000001,-79.3845675,Hy's Steakhouse,43.649504756476944,-79.38291850488223,Steakhouse
"Adelaide, King, Richmond",43.65057120000001,-79.3845675,M Square Coffee Co,43.65121797253777,-79.38355459932247,Coffee Shop
"Adelaide, King, Richmond",43.65057120000001,-79.3845675,Canadian Opera Company,43.6506601893789,-79.38624169559013,Opera House
"Adelaide, King, Richmond",43.65057120000001,-79.3845675,Boxcar Social Temperance,43.65055725249405,-79.38195634640063,Bar
"Adelaide, King, Richmond",43.65057120000001,-79.3845675,Cafe Landwer,43.64875349932059,-79.3853673607289,Café
"Adelaide, King, Richmond",43.65057120000001,-79.3845675,John & Sons Oyster House,43.65065642537144,-79.38161285228475,Seafood Restaurant
"Adelaide, King, Richmond",43.65057120000001,-79.3845675,Hilton Toronto,43.6501425,-79.3854884,Hotel
"Adelaide, King, Richmond",43.65057120000001,-79.3845675,Ruth's Chris Steak House,43.6499174,-79.3857238,Steakhouse
"Adelaide, King, Richmond",43.65057120000001,-79.3845675,Noodle King,43.65170632794881,-79.38304628912547,Asian Restaurant
"Adelaide, King, Richmond",43.65057120000001,-79.3845675,Bulldog On The Block,43.65065218852629,-79.38414092873634,Coffee Shop
"Adelaide, King, Richmond",43.65057120000001,-79.3845675,Momofuku Noodle Bar,43.6493658716176,-79.38621652451032,Noodle House
"Adelaide, King, Richmond",43.65057120000001,-79.3845675,Lobby Lounge at the Shangri-La Toronto,43.64915499986854,-79.38654574367817,Lounge
"Adelaide, King, Richmond",43.65057120000001,-79.3845675,DAVIDsTEA,43.650546552943766,-79.38338493349875,Tea Room
"Adelaide, King, Richmond",43.65057120000001,-79.3845675,Toronto PATH System,43.64990340698978,-79.3830527039004,General Travel
"Adelaide, King, Richmond",43.65057120000001,-79.3845675,Pi Co.,43.648651,-79.385874,Pizza Place
"Adelaide, King, Richmond",43.65057120000001,-79.3845675,Kojin,43.64939770725357,-79.38609106624851,Colombian Restaurant
"Adelaide, King, Richmond",43.65057120000001,-79.3845675,Reds Wine Tavern,43.64957038171473,-79.38212873483711,Gastropub
"Harbourfront East, Toronto Islands, Union Station",43.6408157,-79.38175229999997,Harbourfront,43.639525632239106,-79.38068838052389,Neighborhood
"Harbourfront East, Toronto Islands, Union Station",43.6408157,-79.38175229999997,BeaverTails,43.63989909345207,-79.380196784021,Bakery
"Harbourfront East, Toronto Islands, Union Station",43.6408157,-79.38175229999997,Roundhouse Park,43.64174513889102,-79.38427882922346,Park
"Harbourfront East, Toronto Islands, Union Station",43.6408157,-79.38175229999997,Longo's Maple Leaf Square,43.64251679604069,-79.38139301653129,Supermarket
"Harbourfront East, Toronto Islands, Union Station",43.6408157,-79.38175229999997,iQ Food Co,43.642851,-79.382081,Salad Place
"Harbourfront East, Toronto Islands, Union Station",43.6408157,-79.38175229999997,Sharetea-Waterfront,43.640175967763966,-79.37960567018246,Bubble Tea Shop
"Harbourfront East, Toronto Islands, Union Station",43.6408157,-79.38175229999997,Evviva Restaurant,43.64157991761808,-79.38345644030795,Deli / Bodega
"Harbourfront East, Toronto Islands, Union Station",43.6408157,-79.38175229999997,Aroma Espresso Bar,43.6423209103846,-79.38374932648954,Café
"Harbourfront East, Toronto Islands, Union Station",43.6408157,-79.38175229999997,e11even,43.64242558687748,-79.38144094115985,New American Restaurant
"Harbourfront East, Toronto Islands, Union Station",43.6408157,-79.38175229999997,Maple Leaf Square,43.64292522840183,-79.38089182467687,Plaza
"Harbourfront East, Toronto Islands, Union Station",43.6408157,-79.38175229999997,Taverna Mercatto,43.64262514139939,-79.38325673989138,Italian Restaurant
"Harbourfront East, Toronto Islands, Union Station",43.6408157,-79.38175229999997,Real Sports Bar & Grill,43.64255846521551,-79.37996506690979,Sports Bar
"Harbourfront East, Toronto Islands, Union Station",43.6408157,-79.38175229999997,Lavazza Espression,43.63953746292591,-79.38176322686563,Coffee Shop
"Harbourfront East, Toronto Islands, Union Station",43.6408157,-79.38175229999997,Corks,43.64249338656422,-79.38154042927468,Bar
"Harbourfront East, Toronto Islands, Union Station",43.6408157,-79.38175229999997,Starbucks,43.63989328320199,-79.38100232755777,Coffee Shop
"Harbourfront East, Toronto Islands, Union Station",43.6408157,-79.38175229999997,Panago,43.64251764051932,-79.38359138522554,Pizza Place
"Harbourfront East, Toronto Islands, Union Station",43.6408157,-79.38175229999997,Subway,43.63946501862797,-79.38353346795704,Sandwich Place
"Harbourfront East, Toronto Islands, Union Station",43.6408157,-79.38175229999997,Starbucks,43.64265659071355,-79.3833577475679,Coffee Shop
"Harbourfront East, Toronto Islands, Union Station",43.6408157,-79.38175229999997,Buster's Sea Cove,43.642636994917666,-79.38337001427526,Seafood Restaurant
"Harbourfront East, Toronto Islands, Union Station",43.6408157,-79.38175229999997,Dollarama,43.641765,-79.379589,Discount Store
"Harbourfront East, Toronto Islands, Union Station",43.6408157,-79.38175229999997,Lucky Clover Sports Pub,43.641136939105614,-79.38335124348639,Sports Bar
"Harbourfront East, Toronto Islands, Union Station",43.6408157,-79.38175229999997,Pizza Pizza,43.63969347230513,-79.38179969787598,Pizza Place
"Harbourfront East, Toronto Islands, Union Station",43.6408157,-79.38175229999997,Tim Hortons,43.63882773618699,-79.38037276268005,Coffee Shop
"Harbourfront East, Toronto Islands, Union Station",43.6408157,-79.38175229999997,Iron Rose Tea Gallery,43.6400591104487,-79.38315167425998,Tea Room
"Harbourfront East, Toronto Islands, Union Station",43.6408157,-79.38175229999997,Enwave Theatre,43.63863608843057,-79.38229942602973,Theater
"Design Exchange, Toronto Dominion Centre",43.6471768,-79.38157640000001,Equinox Bay Street,43.64809974034856,-79.37998869411526,Gym
"Design Exchange, Toronto Dominion Centre",43.6471768,-79.38157640000001,Canoe,43.647452066183476,-79.38132001815676,Restaurant
"Design Exchange, Toronto Dominion Centre",43.6471768,-79.38157640000001,Pilot Coffee Roasters,43.648835391245896,-79.3809358125033,Coffee Shop
"Design Exchange, Toronto Dominion Centre",43.6471768,-79.38157640000001,The Fairmont Royal York,43.64544914616651,-79.3815076529019,Hotel
"Design Exchange, Toronto Dominion Centre",43.6471768,-79.38157640000001,Walrus Pub & Beer Hall,43.64737470920577,-79.37951515363918,Pub
"Design Exchange, Toronto Dominion Centre",43.6471768,-79.38157640000001,Maman,43.64830873804684,-79.38225333898805,Café
"Design Exchange, Toronto Dominion Centre",43.6471768,-79.38157640000001,King Taps,43.648475974183,-79.38205778358744,Gastropub
"Design Exchange, Toronto Dominion Centre",43.6471768,-79.38157640000001,Ki Modern Japanese + Bar,43.647167,-79.379608,Japanese Restaurant
"Design Exchange, Toronto Dominion Centre",43.6471768,-79.38157640000001,Olly Fresco's,43.646912231909276,-79.37959661696463,Deli / Bodega
"Design Exchange, Toronto Dominion Centre",43.6471768,-79.38157640000001,Brick Street Bakery,43.6488151631615,-79.38060468610949,Bakery
"Design Exchange, Toronto Dominion Centre",43.6471768,-79.38157640000001,Adelaide Club Toronto,43.64927944291712,-79.38192123284551,Gym / Fitness Center
"Design Exchange, Toronto Dominion Centre",43.6471768,-79.38157640000001,Dineen @CommerceCourt,43.648250543365556,-79.38012728220869,Coffee Shop
"Design Exchange, Toronto Dominion Centre",43.6471768,-79.38157640000001,Bymark,43.647217284018005,-79.38125188166379,Restaurant
"Design Exchange, Toronto Dominion Centre",43.6471768,-79.38157640000001,WVRST,43.64496809087762,-79.38137631843854,Beer Bar
"Design Exchange, Toronto Dominion Centre",43.6471768,-79.38157640000001,Starbucks,43.646935797838935,-79.38442766632808,Coffee Shop
"Design Exchange, Toronto Dominion Centre",43.6471768,-79.38157640000001,Pumpernickel's Deli,43.64883150054619,-79.38197006345457,Deli / Bodega
"Design Exchange, Toronto Dominion Centre",43.6471768,-79.38157640000001,Design Exchange,43.64797219581623,-79.38010382588462,Art Gallery
"Design Exchange, Toronto Dominion Centre",43.6471768,-79.38157640000001,Kupfert & Kim (First Canadian Place),43.64854659465186,-79.38162406470161,Gluten-free Restaurant
"Design Exchange, Toronto Dominion Centre",43.6471768,-79.38157640000001,Petit Four Bakery,43.647743692587085,-79.37958814250598,Sandwich Place
"Design Exchange, Toronto Dominion Centre",43.6471768,-79.38157640000001,iQ Food Co. (First Canadian Place),43.64835708519922,-79.38219241858727,Salad Place
"Design Exchange, Toronto Dominion Centre",43.6471768,-79.38157640000001,Sam James Coffee Bar (SJCB),43.64788137014028,-79.38433152836829,Café
"Design Exchange, Toronto Dominion Centre",43.6471768,-79.38157640000001,Library Bar,43.64550019136729,-79.38160166851243,Hotel Bar
"Design Exchange, Toronto Dominion Centre",43.6471768,-79.38157640000001,McEwan Foods,43.64716011126396,-79.38104402548048,Deli / Bodega
"Design Exchange, Toronto Dominion Centre",43.6471768,-79.38157640000001,Piper's Gastropub,43.645468111144694,-79.38177905581458,Cocktail Bar
"Design Exchange, Toronto Dominion Centre",43.6471768,-79.38157640000001,Earls Kitchen & Bar,43.647945662980305,-79.3837058277153,Bar
"Commerce Court, Victoria Hotel",43.6481985,-79.37981690000002,Equinox Bay Street,43.64809974034856,-79.37998869411526,Gym
"Commerce Court, Victoria Hotel",43.6481985,-79.37981690000002,Canoe,43.647452066183476,-79.38132001815676,Restaurant
"Commerce Court, Victoria Hotel",43.6481985,-79.37981690000002,Mos Mos Coffee,43.64815919753501,-79.37874450467258,Café
"Commerce Court, Victoria Hotel",43.6481985,-79.37981690000002,Pilot Coffee Roasters,43.648835391245896,-79.3809358125033,Coffee Shop
"Commerce Court, Victoria Hotel",43.6481985,-79.37981690000002,Walrus Pub & Beer Hall,43.64737470920577,-79.37951515363918,Pub
"Commerce Court, Victoria Hotel",43.6481985,-79.37981690000002,Maman,43.64830873804684,-79.38225333898805,Café
"Commerce Court, Victoria Hotel",43.6481985,-79.37981690000002,Adelaide Club Toronto,43.64927944291712,-79.38192123284551,Gym / Fitness Center
"Commerce Court, Victoria Hotel",43.6481985,-79.37981690000002,King Taps,43.648475974183,-79.38205778358744,Gastropub
"Commerce Court, Victoria Hotel",43.6481985,-79.37981690000002,Cactus Club Cafe,43.6495520142626,-79.38167072512041,American Restaurant
"Commerce Court, Victoria Hotel",43.6481985,-79.37981690000002,Ki Modern Japanese + Bar,43.647167,-79.379608,Japanese Restaurant
"Commerce Court, Victoria Hotel",43.6481985,-79.37981690000002,Movenpick Cafe,43.647686808930885,-79.3772953884033,Café
"Commerce Court, Victoria Hotel",43.6481985,-79.37981690000002,Olly Fresco's,43.646912231909276,-79.37959661696463,Deli / Bodega
"Commerce Court, Victoria Hotel",43.6481985,-79.37981690000002,Brick Street Bakery,43.6488151631615,-79.38060468610949,Bakery
"Commerce Court, Victoria Hotel",43.6481985,-79.37981690000002,Café Plenty,43.6491179354577,-79.37831288380438,Café
"Commerce Court, Victoria Hotel",43.6481985,-79.37981690000002,Hockey Hall Of Fame (Hockey Hall of Fame),43.646974451431056,-79.37732323942681,Museum
"Commerce Court, Victoria Hotel",43.6481985,-79.37981690000002,Dineen @CommerceCourt,43.648250543365556,-79.38012728220869,Coffee Shop
"Commerce Court, Victoria Hotel",43.6481985,-79.37981690000002,Bymark,43.647217284018005,-79.38125188166379,Restaurant
"Commerce Court, Victoria Hotel",43.6481985,-79.37981690000002,Starbucks,43.646957445443654,-79.37826461143065,Coffee Shop
"Commerce Court, Victoria Hotel",43.6481985,-79.37981690000002,Beerbistro,43.64941904378835,-79.37723726034164,Gastropub
"Commerce Court, Victoria Hotel",43.6481985,-79.37981690000002,Craft Beer Market,43.6498722789121,-79.37839828995996,Beer Bar
"Commerce Court, Victoria Hotel",43.6481985,-79.37981690000002,Pumpernickel's Deli,43.64883150054619,-79.38197006345457,Deli / Bodega
"Commerce Court, Victoria Hotel",43.6481985,-79.37981690000002,Design Exchange,43.64797219581623,-79.38010382588462,Art Gallery
"Commerce Court, Victoria Hotel",43.6481985,-79.37981690000002,Kupfert & Kim (First Canadian Place),43.64854659465186,-79.38162406470161,Gluten-free Restaurant
"Commerce Court, Victoria Hotel",43.6481985,-79.37981690000002,Starbucks,43.649385825065345,-79.37809348357672,Coffee Shop
"Commerce Court, Victoria Hotel",43.6481985,-79.37981690000002,Marché Mövenpick,43.6472616,-79.3785998,Restaurant
Roselawn,43.7116948,-79.41693559999999,Dr.Paul Hodges MIP,43.71063362746236,-79.41581010818481,Health & Beauty Service
"Forest Hill North, Forest Hill West",43.6969476,-79.41130720000002,BrainGale Accessories,43.69692858682923,-79.41319763660431,Accessories Store
"The Annex, North Midtown, Yorkville",43.6727097,-79.40567840000001,food plus market 24 hrs,43.674514868797786,-79.40713764066462,Grocery Store
"Harbord, University of Toronto",43.6626956,-79.4000493,Piano Piano,43.66294872979362,-79.40289804116937,Italian Restaurant
"Harbord, University of Toronto",43.6626956,-79.4000493,The Dessert Kitchen,43.66282317865166,-79.40274569154498,Dessert Shop
"Harbord, University of Toronto",43.6626956,-79.4000493,Athletic Centre,43.66248699305214,-79.40065676565847,College Gym
"Harbord, University of Toronto",43.6626956,-79.4000493,Bakka Phoenix Books,43.662958633796144,-79.40260149079198,Bookstore
"Harbord, University of Toronto",43.6626956,-79.4000493,Second Cup,43.66267187452542,-79.39848816597433,Coffee Shop
"Harbord, University of Toronto",43.6626956,-79.4000493,Second Cup,43.66355135916493,-79.40178748741704,Café
"Harbord, University of Toronto",43.6626956,-79.4000493,Red Fish Blue Fish Creative Cafe,43.662826909852434,-79.40281748771667,Café
"Harbord, University of Toronto",43.6626956,-79.4000493,Subway,43.66448931335139,-79.39911750609278,Sandwich Place
"Harbord, University of Toronto",43.6626956,-79.4000493,Subway,43.66324602417526,-79.40203428268433,Sandwich Place
"Harbord, University of Toronto",43.6626956,-79.4000493,Tim Hortons,43.6621342,-79.3985139,Coffee Shop
"Harbord, University of Toronto",43.6626956,-79.4000493,Papa Ceo Fine Italian Foods & Pizza,43.66329982959619,-79.40231705278073,Pizza Place
"Harbord, University of Toronto",43.6626956,-79.4000493,Pig Out BBQ,43.66319457335147,-79.40224126247053,BBQ Joint
"Harbord, University of Toronto",43.6626956,-79.4000493,GSU Pub,43.660646319899,-79.4003266167117,Pub
"Harbord, University of Toronto",43.6626956,-79.4000493,Cafe Reznikoff,43.66323452972232,-79.39810815688561,Coffee Shop
"Harbord, University of Toronto",43.6626956,-79.4000493,Café AC,43.663265,-79.401675,Coffee Shop
"Harbord, University of Toronto",43.6626956,-79.4000493,Harvest Noon Cafe,43.66080418840519,-79.40036540777935,Vegetarian / Vegan Restaurant
"Harbord, University of Toronto",43.6626956,-79.4000493,Helen Gardiner Phelan Playhouse,43.66334137821684,-79.39742746724872,College Theater
"Chinatown, Grange Park, Kensington Market",43.6532057,-79.4000493,Kid Icarus,43.653933260442265,-79.40171859012935,Arts & Crafts Store
"Chinatown, Grange Park, Kensington Market",43.6532057,-79.4000493,Seven Lives - Tacos y Mariscos,43.65441817160925,-79.40054467846261,Mexican Restaurant
"Chinatown, Grange Park, Kensington Market",43.6532057,-79.4000493,Little Pebbles,43.654883,-79.400264,Coffee Shop
"Chinatown, Grange Park, Kensington Market",43.6532057,-79.4000493,El Rey,43.652764,-79.400048,Cocktail Bar
"Chinatown, Grange Park, Kensington Market",43.6532057,-79.4000493,The Moonbean Cafe,43.65414662211733,-79.40018175516231,Café
"Chinatown, Grange Park, Kensington Market",43.6532057,-79.4000493,Essence of Life Organics,43.65411067840614,-79.4004308758787,Organic Grocery
"Chinatown, Grange Park, Kensington Market",43.6532057,-79.4000493,Jimmy's Coffee,43.65449315540114,-79.40131090393002,Café
"Chinatown, Grange Park, Kensington Market",43.6532057,-79.4000493,FIKA Cafe,43.653560276835684,-79.40040209660836,Café
"Chinatown, Grange Park, Kensington Market",43.6532057,-79.4000493,Blackbird Baking Co,43.65476385976386,-79.40056588367806,Bakery
"Chinatown, Grange Park, Kensington Market",43.6532057,-79.4000493,Banh Mi Nguyen Huong,43.653628006211044,-79.3983759881993,Vietnamese Restaurant
"Chinatown, Grange Park, Kensington Market",43.6532057,-79.4000493,Cold Tea,43.65419313416817,-79.40107491108753,Bar
"Chinatown, Grange Park, Kensington Market",43.6532057,-79.4000493,Millie Creperie,43.654993860126034,-79.3998292732052,Dessert Shop
"Chinatown, Grange Park, Kensington Market",43.6532057,-79.4000493,Grey Gardens,43.653479,-79.401427,Wine Bar
"Chinatown, Grange Park, Kensington Market",43.6532057,-79.4000493,Kensington Food Market,43.654058473740236,-79.40037565547179,Farmers Market
"Chinatown, Grange Park, Kensington Market",43.6532057,-79.4000493,Saigon Lotus Restaurant,43.654310800343325,-79.39922450076845,Vietnamese Restaurant
"Chinatown, Grange Park, Kensington Market",43.6532057,-79.4000493,Golden Patty,43.6546590586465,-79.4011788108254,Caribbean Restaurant
"Chinatown, Grange Park, Kensington Market",43.6532057,-79.4000493,Torteria San Cosme,43.65470199390117,-79.40064636669985,Mexican Restaurant
"Chinatown, Grange Park, Kensington Market",43.6532057,-79.4000493,Global Cheese,43.65462257332082,-79.4006057130889,Cheese Shop
"Chinatown, Grange Park, Kensington Market",43.6532057,-79.4000493,Carlos' House of Spice,43.654188111731344,-79.40190419262933,Gourmet Shop
"Chinatown, Grange Park, Kensington Market",43.6532057,-79.4000493,Cosmic Treats,43.65400979300167,-79.40180481840171,Vegetarian / Vegan Restaurant
"Chinatown, Grange Park, Kensington Market",43.6532057,-79.4000493,Fudao Noodle House,43.654645274716124,-79.39887355126278,Noodle House
"Chinatown, Grange Park, Kensington Market",43.6532057,-79.4000493,Rasta Pasta,43.65420716538317,-79.40046891984555,Caribbean Restaurant
"Chinatown, Grange Park, Kensington Market",43.6532057,-79.4000493,Hooked,43.6545853262614,-79.40174629702895,Fish Market
"Chinatown, Grange Park, Kensington Market",43.6532057,-79.4000493,Hanabusa Cafe,43.654643265757464,-79.40062636492314,Café
"Chinatown, Grange Park, Kensington Market",43.6532057,-79.4000493,½ oz. Cocktail Emporium,43.653371463735276,-79.40021853715685,Liquor Store
"CN Tower, Bathurst Quay, Island airport, Harbourfront West, King and Spadina, Railway Lands, South Niagara",43.6289467,-79.3944199,Porter Lounge,43.63068,-79.395756,Airport Lounge
"CN Tower, Bathurst Quay, Island airport, Harbourfront West, King and Spadina, Railway Lands, South Niagara",43.6289467,-79.3944199,Hanlan's Point,43.6289467,-79.3944199,Performing Arts Venue
"CN Tower, Bathurst Quay, Island airport, Harbourfront West, King and Spadina, Railway Lands, South Niagara",43.6289467,-79.3944199,Pd472 Ytz-Yqt,43.630993,-79.39498,Airport Service
Stn A PO Boxes 25 The Esplanade,43.6464352,-79.37484599999998,The Keg Steakhouse + Bar,43.64667637593993,-79.37482154865866,Steakhouse
Stn A PO Boxes 25 The Esplanade,43.6464352,-79.37484599999998,Hockey Hall Of Fame (Hockey Hall of Fame),43.646974451431056,-79.37732323942681,Museum
Stn A PO Boxes 25 The Esplanade,43.6464352,-79.37484599999998,Fresh On Front,43.64781466405137,-79.3744527618627,Vegetarian / Vegan Restaurant
Stn A PO Boxes 25 The Esplanade,43.6464352,-79.37484599999998,Berczy Park,43.64804835388851,-79.3751722909452,Park
Stn A PO Boxes 25 The Esplanade,43.6464352,-79.37484599999998,Sukhothai,43.64848710249909,-79.37454735245633,Thai Restaurant
Stn A PO Boxes 25 The Esplanade,43.6464352,-79.37484599999998,Biff's Bistro,43.647084825125084,-79.37634231908494,French Restaurant
Stn A PO Boxes 25 The Esplanade,43.6464352,-79.37484599999998,D.W. Alexander,43.64833304339161,-79.3738261420116,Cocktail Bar
Stn A PO Boxes 25 The Esplanade,43.6464352,-79.37484599999998,Sony Centre for the Performing Arts,43.646292124205594,-79.37602179505662,Concert Hall
Stn A PO Boxes 25 The Esplanade,43.6464352,-79.37484599999998,Pravda Vodka Bar,43.64851553067474,-79.37473231149953,Cocktail Bar
Stn A PO Boxes 25 The Esplanade,43.6464352,-79.37484599999998,DAVIDsTEA,43.646657736285796,-79.37764102856944,Tea Room
Stn A PO Boxes 25 The Esplanade,43.6464352,-79.37484599999998,Dog Fountain,43.64799795147863,-79.37536096948996,Fountain
Stn A PO Boxes 25 The Esplanade,43.6464352,-79.37484599999998,Movenpick Cafe,43.647686808930885,-79.3772953884033,Café
Stn A PO Boxes 25 The Esplanade,43.6464352,-79.37484599999998,The Reservoir Lounge,43.64851659851552,-79.37455623391588,Jazz Club
Stn A PO Boxes 25 The Esplanade,43.6464352,-79.37484599999998,Garrison Bespoke,43.648102,-79.376334,Tailor Shop
Stn A PO Boxes 25 The Esplanade,43.6464352,-79.37484599999998,Winners,43.6477479,-79.3745508,Clothing Store
Stn A PO Boxes 25 The Esplanade,43.6464352,-79.37484599999998,C'est What,43.64842583928427,-79.37343925237656,Beer Bar
Stn A PO Boxes 25 The Esplanade,43.6464352,-79.37484599999998,Goose Island Brewhouse,43.64732926809359,-79.37354117631912,Beer Bar
Stn A PO Boxes 25 The Esplanade,43.6464352,-79.37484599999998,Eggspectation,43.646526,-79.375134,Breakfast Spot
Stn A PO Boxes 25 The Esplanade,43.6464352,-79.37484599999998,CC Lounge,43.64791735425827,-79.37451991085871,Cocktail Bar
Stn A PO Boxes 25 The Esplanade,43.6464352,-79.37484599999998,Loaded Pierogi,43.647965,-79.373427,Comfort Food Restaurant
Stn A PO Boxes 25 The Esplanade,43.6464352,-79.37484599999998,Bier Markt Esplanade,43.64723602476138,-79.37389161769812,Belgian Restaurant
Stn A PO Boxes 25 The Esplanade,43.6464352,-79.37484599999998,Vagabondo Ristorante & Lounge,43.64822172333574,-79.37529997897587,Italian Restaurant
Stn A PO Boxes 25 The Esplanade,43.6464352,-79.37484599999998,The Old Spaghetti Factory,43.64696445846655,-79.37440258334287,Italian Restaurant
Stn A PO Boxes 25 The Esplanade,43.6464352,-79.37484599999998,Spirit of Hockey,43.64704692224217,-79.37753727586353,Sporting Goods Shop
Stn A PO Boxes 25 The Esplanade,43.6464352,-79.37484599999998,Scotland Yard Pub,43.64705292210499,-79.37405970553979,Pub
"First Canadian Place, Underground city",43.6484292,-79.3822802,Equinox Bay Street,43.64809974034856,-79.37998869411526,Gym
"First Canadian Place, Underground city",43.6484292,-79.3822802,Canoe,43.647452066183476,-79.38132001815676,Restaurant
"First Canadian Place, Underground city",43.6484292,-79.3822802,Pilot Coffee Roasters,43.648835391245896,-79.3809358125033,Coffee Shop
"First Canadian Place, Underground city",43.6484292,-79.3822802,Cactus Club Cafe,43.6495520142626,-79.38167072512041,American Restaurant
"First Canadian Place, Underground city",43.6484292,-79.3822802,Adelaide Club Toronto,43.64927944291712,-79.38192123284551,Gym / Fitness Center
"First Canadian Place, Underground city",43.6484292,-79.3822802,Maman,43.64830873804684,-79.38225333898805,Café
"First Canadian Place, Underground city",43.6484292,-79.3822802,King Taps,43.648475974183,-79.38205778358744,Gastropub
"First Canadian Place, Underground city",43.6484292,-79.3822802,The Keg Steakhouse & Bar,43.649937252985254,-79.38419604942506,Steakhouse
"First Canadian Place, Underground city",43.6484292,-79.3822802,Hy's Steakhouse,43.649504756476944,-79.38291850488223,Steakhouse
"First Canadian Place, Underground city",43.6484292,-79.3822802,Sam James Coffee Bar (SJCB),43.64788137014028,-79.38433152836829,Café
"First Canadian Place, Underground city",43.6484292,-79.3822802,Brick Street Bakery,43.6488151631615,-79.38060468610949,Bakery
"First Canadian Place, Underground city",43.6484292,-79.3822802,Pizzeria Libretto,43.64833354686235,-79.38511050184168,Pizza Place
"First Canadian Place, Underground city",43.6484292,-79.3822802,Dineen @CommerceCourt,43.648250543365556,-79.38012728220869,Coffee Shop
"First Canadian Place, Underground city",43.6484292,-79.3822802,Bymark,43.647217284018005,-79.38125188166379,Restaurant
"First Canadian Place, Underground city",43.6484292,-79.3822802,Pumpernickel's Deli,43.64883150054619,-79.38197006345457,Deli / Bodega
"First Canadian Place, Underground city",43.6484292,-79.3822802,Design Exchange,43.64797219581623,-79.38010382588462,Art Gallery
"First Canadian Place, Underground city",43.6484292,-79.3822802,Kupfert & Kim (First Canadian Place),43.64854659465186,-79.38162406470161,Gluten-free Restaurant
"First Canadian Place, Underground city",43.6484292,-79.3822802,Starbucks,43.646935797838935,-79.38442766632808,Coffee Shop
"First Canadian Place, Underground city",43.6484292,-79.3822802,iQ Food Co. (First Canadian Place),43.64835708519922,-79.38219241858727,Salad Place
"First Canadian Place, Underground city",43.6484292,-79.3822802,Boxcar Social Temperance,43.65055725249405,-79.38195634640063,Bar
"First Canadian Place, Underground city",43.6484292,-79.3822802,Reds Wine Tavern,43.64957038171473,-79.38212873483711,Gastropub
"First Canadian Place, Underground city",43.6484292,-79.3822802,McEwan Foods,43.64716011126396,-79.38104402548048,Deli / Bodega
"First Canadian Place, Underground city",43.6484292,-79.3822802,Toronto PATH System,43.64990340698978,-79.3830527039004,General Travel
"First Canadian Place, Underground city",43.6484292,-79.3822802,Earls Kitchen & Bar,43.647945662980305,-79.3837058277153,Bar
"First Canadian Place, Underground city",43.6484292,-79.3822802,Indigospirit,43.64834987590252,-79.38034747310336,Bookstore
Christie,43.669542,-79.4225637,Fiesta Farms,43.66847077052224,-79.42048512748114,Grocery Store
Christie,43.669542,-79.4225637,Starbucks,43.671585333016466,-79.42136550708386,Coffee Shop
Christie,43.669542,-79.4225637,Fiesta Gardens,43.667913954232475,-79.42126377055394,Flower Shop
Christie,43.669542,-79.4225637,Body Harmonics,43.6716511977618,-79.42195709552006,Gym / Fitness Center
Christie,43.669542,-79.4225637,Stubbe Chocolates,43.67156577026589,-79.42128899001831,Candy Store
Christie,43.669542,-79.4225637,A&W Canada,43.67146,-79.421643,American Restaurant
"Dovercourt Village, Dufferin",43.66900510000001,-79.4422593,The Greater Good Bar,43.669409,-79.439267,Bar
"Dovercourt Village, Dufferin",43.66900510000001,-79.4422593,Happy Bakery & Pastries,43.66705039063128,-79.44179124412831,Bakery
"Dovercourt Village, Dufferin",43.66900510000001,-79.4422593,Planet Fitness Toronto Galleria,43.66758797288865,-79.44257365441428,Gym / Fitness Center
"Dovercourt Village, Dufferin",43.66900510000001,-79.4422593,FreshCo,43.66791838591585,-79.44075425394298,Supermarket
"Dovercourt Village, Dufferin",43.66900510000001,-79.4422593,Rehearsal Factory,43.66887675155326,-79.44360330056674,Music Venue
"Dovercourt Village, Dufferin",43.66900510000001,-79.4422593,Rexall,43.66802049335871,-79.44087550054661,Pharmacy
"Dovercourt Village, Dufferin",43.66900510000001,-79.4422593,TD Canada Trust,43.6679341,-79.4416984,Bank
"Little Portugal, Trinity",43.647926700000006,-79.4197497,Bellwoods Brewery,43.647097254598236,-79.41995537873463,Brewery
"Little Portugal, Trinity",43.647926700000006,-79.4197497,Pizzeria Libretto,43.64897862710277,-79.4206035669193,Pizza Place
"Little Portugal, Trinity",43.647926700000006,-79.4197497,OddSeoul,43.64619218474247,-79.4196014527498,Korean Restaurant
"Little Portugal, Trinity",43.647926700000006,-79.4197497,Foxley Bistro,43.648642746283834,-79.42049525794245,Asian Restaurant
"Little Portugal, Trinity",43.647926700000006,-79.4197497,Bang Bang Ice Cream & Bakery,43.64624619920086,-79.41955285188536,Ice Cream Shop
"Little Portugal, Trinity",43.647926700000006,-79.4197497,La Cubana,43.64623003878161,-79.4196356996568,Cuban Restaurant
"Little Portugal, Trinity",43.647926700000006,-79.4197497,Reposado,43.647320789001384,-79.42003151431754,Bar
"Little Portugal, Trinity",43.647926700000006,-79.4197497,Mamakas Taverna,43.64604217335094,-79.41967886278816,Greek Restaurant
"Little Portugal, Trinity",43.647926700000006,-79.4197497,Paris Paris Bar,43.649237,-79.421436,Wine Bar
"Little Portugal, Trinity",43.647926700000006,-79.4197497,Gift Shop,43.64614871682715,-79.41948131634449,Cocktail Bar
"Little Portugal, Trinity",43.647926700000006,-79.4197497,YogaSpace,43.64760744635252,-79.42013338783642,Yoga Studio
"Little Portugal, Trinity",43.647926700000006,-79.4197497,Pho Rua Vang (Golden Turtle),43.64689319654605,-79.41977781583955,Vietnamese Restaurant
"Little Portugal, Trinity",43.647926700000006,-79.4197497,The Communist's Daughter,43.64936167997857,-79.42096310360856,Bar
"Little Portugal, Trinity",43.647926700000006,-79.4197497,Lower Ossington Theatre,43.64638945106542,-79.4197810126815,Theater
"Little Portugal, Trinity",43.647926700000006,-79.4197497,Artscape Youngplace,43.646921206418654,-79.4173424662258,Art Gallery
"Little Portugal, Trinity",43.647926700000006,-79.4197497,Union Restaurant,43.64585979013257,-79.41953208988866,New American Restaurant
"Little Portugal, Trinity",43.647926700000006,-79.4197497,La Banane,43.64904020618134,-79.42059946263156,French Restaurant
"Little Portugal, Trinity",43.647926700000006,-79.4197497,Dakota Tavern,43.64967991705445,-79.42083755592827,Bar
"Little Portugal, Trinity",43.647926700000006,-79.4197497,Rotate This,43.64854360521872,-79.42051802319355,Record Shop
"Little Portugal, Trinity",43.647926700000006,-79.4197497,Bazara,43.64853491212856,-79.4205209529485,Japanese Restaurant
"Little Portugal, Trinity",43.647926700000006,-79.4197497,Hero Heroine,43.64900419974215,-79.42068636417389,Salon / Barbershop
"Little Portugal, Trinity",43.647926700000006,-79.4197497,Superpoint,43.648438964819064,-79.42051429823161,Pizza Place
"Little Portugal, Trinity",43.647926700000006,-79.4197497,Bobbie Sue's Mac + Cheese,43.64778276946676,-79.42041900552132,Mac & Cheese Joint
"Little Portugal, Trinity",43.647926700000006,-79.4197497,Soos,43.64625487651962,-79.4196494517963,Malay Restaurant
"Little Portugal, Trinity",43.647926700000006,-79.4197497,i deal coffee,43.64784412071227,-79.4202942461777,Coffee Shop
"Brockton, Exhibition Place, Parkdale Village",43.6368472,-79.42819140000002,Starbucks,43.638995,-79.427652,Coffee Shop
"Brockton, Exhibition Place, Parkdale Village",43.6368472,-79.42819140000002,The Abbott,43.637996211047366,-79.43071653853734,Café
"Brockton, Exhibition Place, Parkdale Village",43.6368472,-79.42819140000002,Vogue Supper Club,43.63695126198934,-79.42544606558822,Restaurant
"Brockton, Exhibition Place, Parkdale Village",43.6368472,-79.42819140000002,Kotta Japanese Restaurant,43.63874998596859,-79.42835029903067,Japanese Restaurant
"Brockton, Exhibition Place, Parkdale Village",43.6368472,-79.42819140000002,Joker Cafe,43.63572658167962,-79.42603944906266,Café
"Brockton, Exhibition Place, Parkdale Village",43.6368472,-79.42819140000002,Habibi Shawerma,43.638857711796675,-79.42779997647965,Falafel Restaurant
"Brockton, Exhibition Place, Parkdale Village",43.6368472,-79.42819140000002,Pho Asia 21,43.638840395632414,-79.42769253930125,Vietnamese Restaurant
"Brockton, Exhibition Place, Parkdale Village",43.6368472,-79.42819140000002,Sol Produce,43.63867686160747,-79.42815021492738,Convenience Store
"Brockton, Exhibition Place, Parkdale Village",43.6368472,-79.42819140000002,TTC Stop #04167,43.63878588200103,-79.42750357892106,Bus Stop
"Brockton, Exhibition Place, Parkdale Village",43.6368472,-79.42819140000002,Spencer Cowan park,43.63648478125958,-79.43104638860049,Park
"Parkdale, Roncesvalles",43.6489597,-79.456325,TTC High Park Loop,43.64819056387884,-79.45757483552963,Light Rail Station
"Parkdale, Roncesvalles",43.6489597,-79.456325,High Park Gardens,43.64914943250812,-79.45467875791209,Garden
"Runnymede, Swansea",43.6515706,-79.4844499,The Good Fork,43.64956534036813,-79.48402270694602,Food
"Runnymede, Swansea",43.6515706,-79.4844499,Asa Sushi,43.64990164450559,-79.4846109228881,Sushi Restaurant
"Runnymede, Swansea",43.6515706,-79.4844499,The One That Got Away,43.64984188412754,-79.48261453424496,Fish & Chips Shop
"Runnymede, Swansea",43.6515706,-79.4844499,Coffee Tree Roastery,43.64964735112305,-79.48343639040918,Café
"Runnymede, Swansea",43.6515706,-79.4844499,Fat Bastard Burrito,43.6497791550768,-79.48289414342419,Burrito Place
"Runnymede, Swansea",43.6515706,-79.4844499,Yumi Sushi,43.64989127391365,-79.4824044490675,Sushi Restaurant
"Runnymede, Swansea",43.6515706,-79.4844499,Falafel World,43.649800784968164,-79.48272777159343,Falafel Restaurant
"Runnymede, Swansea",43.6515706,-79.4844499,Booster Juice,43.64980188,-79.4836826,Smoothie Shop
"Runnymede, Swansea",43.6515706,-79.4844499,Subway,43.64951660399756,-79.48394719746555,Sandwich Place
"Runnymede, Swansea",43.6515706,-79.4844499,Bloor-Jane Restaurant,43.64951305181438,-79.48407033610728,Diner
"Runnymede, Swansea",43.6515706,-79.4844499,Red Nails,43.64978585090893,-79.48473100241476,Hobby Shop
"Runnymede, Swansea",43.6515706,-79.4844499,Alex Ling Fountain,43.649429232904296,-79.48475360870361,Scenic Lookout
"Runnymede, Swansea",43.6515706,-79.4844499,Strictly Bulk,43.649937191836706,-79.4823655244898,Food & Drink Shop
Business Reply Mail Processing Centre 969 Eastern,43.6627439,-79.321558,Rorschach Brewing Co.,43.6634831695922,-79.31982368639481,Brewery
Business Reply Mail Processing Centre 969 Eastern,43.6627439,-79.321558,Amin Car Repair Garage,43.66354387979742,-79.32013017528811,Auto Workshop
Business Reply Mail Processing Centre 969 Eastern,43.6627439,-79.321558,The Ashbridge Estate,43.66469084363967,-79.32180485658496,Garden
